{
  "beach": [
    {
      "id": 1,
      "coords": [
        -5.6617,
        -5.6441,
        43.5452,
        43.5399
      ],
      "67a2d102-2f86-40d5-8c61-22e66c04e126": [
        43.542881,
        -5.659979
      ],
      "SL002": {
        "coords": [
          43.542694,
          -5.659651
        ]
      },
      "SL003": {
        "coords": [
          43.542072,
          -5.658059
        ]
      },
      "SL004": {
        "coords": [
          43.541776,
          -5.657011
        ]
      },
      "SL005": {
        "coords": [
          43.541364,
          -5.655278
        ]
      },
      "SL006": {
        "coords": [
          43.541102,
          -5.652852
        ]
      },
      "SL007": {
        "coords": [
          43.54116,
          -5.649985
        ]
      },
      "SL008": {
        "coords": [
          43.541134,
          -5.648144
        ]
      },
      "SL009": {
        "coords": [
          43.541251,
          -5.646653
        ]
      },
      "SL010": {
        "coords": [
          43.541842,
          -5.645516
        ]
      }
    },
    {
      "id": 2,
      "coords": "google.com",
      "67a2d102-2f86-40d5-8c61-22e66c04e126": "Michigan"
    },
    {
      "id": 3,
      "coords": "apple.com",
      "from": "Alabama"
    }
  ]
}